trr_id,weapon_type,object_struck_of_discharge
94,SEMI-AUTO PISTOL,OBJECT
335,SEMI-AUTO PISTOL,PERSON
336,REVOLVER,PERSON
337,SEMI-AUTO PISTOL,PERSON
684,SEMI-AUTO PISTOL,OBJECT
705,SEMI-AUTO PISTOL,UNKNOWN
802,SEMI-AUTO PISTOL,PERSON
1285,SEMI-AUTO PISTOL,OBJECT
1296,SEMI-AUTO PISTOL,UNKNOWN
1637,SEMI-AUTO PISTOL,OBJECT
1671,REVOLVER,OBJECT
1752,SEMI-AUTO PISTOL,OBJECT
1806,SEMI-AUTO PISTOL,UNKNOWN
1861,SEMI-AUTO PISTOL,PERSON
1886,SEMI-AUTO PISTOL,PERSON
1887,SEMI-AUTO PISTOL,PERSON
1888,SEMI-AUTO PISTOL,PERSON
1889,SEMI-AUTO PISTOL,PERSON
1890,SEMI-AUTO PISTOL,PERSON
2087,SEMI-AUTO PISTOL,PERSON
2088,SEMI-AUTO PISTOL,PERSON
2144,SEMI-AUTO PISTOL,PERSON
2266,SEMI-AUTO PISTOL,BOTH
2470,SEMI-AUTO PISTOL,OBJECT
2471,SEMI-AUTO PISTOL,OBJECT
2529,SEMI-AUTO PISTOL,PERSON
2637,SEMI-AUTO PISTOL,OBJECT
2638,SEMI-AUTO PISTOL,UNKNOWN
2639,SEMI-AUTO PISTOL,UNKNOWN
2724,REVOLVER,UNKNOWN
3098,REVOLVER,UNKNOWN
3264,SEMI-AUTO PISTOL,PERSON
3265,SEMI-AUTO PISTOL,PERSON
3266,SEMI-AUTO PISTOL,PERSON
3267,SEMI-AUTO PISTOL,PERSON
3401,SEMI-AUTO PISTOL,OBJECT
3402,SEMI-AUTO PISTOL,OBJECT
3518,SEMI-AUTO PISTOL,PERSON
3550,SEMI-AUTO PISTOL,OBJECT
3600,SEMI-AUTO PISTOL,OBJECT
3726,SEMI-AUTO PISTOL,UNKNOWN
3730,SEMI-AUTO PISTOL,UNKNOWN
3731,SEMI-AUTO PISTOL,UNKNOWN
3759,SEMI-AUTO PISTOL,PERSON
3845,SEMI-AUTO PISTOL,PERSON
4110,SEMI-AUTO PISTOL,PERSON
4151,SEMI-AUTO PISTOL,UNKNOWN
4313,REVOLVER,UNKNOWN
4338,SEMI-AUTO PISTOL,PERSON
4370,SEMI-AUTO PISTOL,UNKNOWN
4527,SEMI-AUTO PISTOL,UNKNOWN
4572,SEMI-AUTO PISTOL,UNKNOWN
4704,SEMI-AUTO PISTOL,UNKNOWN
4765,SEMI-AUTO PISTOL,PERSON
4769,REVOLVER,PERSON
4830,SEMI-AUTO PISTOL,PERSON
4915,SEMI-AUTO PISTOL,OBJECT
4917,SEMI-AUTO PISTOL,OBJECT
4922,SEMI-AUTO PISTOL,OBJECT
4992,SEMI-AUTO PISTOL,PERSON
4994,SEMI-AUTO PISTOL,PERSON
4995,SEMI-AUTO PISTOL,UNKNOWN
5165,SEMI-AUTO PISTOL,UNKNOWN
5311,SEMI-AUTO PISTOL,UNKNOWN
5312,SEMI-AUTO PISTOL,UNKNOWN
5315,SEMI-AUTO PISTOL,UNKNOWN
5316,SEMI-AUTO PISTOL,UNKNOWN
5436,SEMI-AUTO PISTOL,PERSON
5437,SEMI-AUTO PISTOL,PERSON
5438,SEMI-AUTO PISTOL,PERSON
5448,SEMI-AUTO PISTOL,PERSON
5472,REVOLVER,UNKNOWN
5472,SEMI-AUTO PISTOL,UNKNOWN
5473,SEMI-AUTO PISTOL,UNKNOWN
5627,SEMI-AUTO PISTOL,UNKNOWN
5658,SEMI-AUTO PISTOL,UNKNOWN
5700,REVOLVER,OBJECT
5851,SEMI-AUTO PISTOL,OBJECT
6017,SEMI-AUTO PISTOL,OBJECT
6021,SEMI-AUTO PISTOL,OBJECT
6056,SEMI-AUTO PISTOL,OBJECT
6152,SEMI-AUTO PISTOL,OBJECT
6162,SEMI-AUTO PISTOL,PERSON
6195,REVOLVER,PERSON
6241,SEMI-AUTO PISTOL,PERSON
6242,SEMI-AUTO PISTOL,UNKNOWN
6717,SEMI-AUTO PISTOL,UNKNOWN
6762,SEMI-AUTO PISTOL,PERSON
6763,SEMI-AUTO PISTOL,PERSON
6764,SEMI-AUTO PISTOL,UNKNOWN
6811,SEMI-AUTO PISTOL,UNKNOWN
6850,SEMI-AUTO PISTOL,PERSON
7229,SEMI-AUTO PISTOL,UNKNOWN
7232,SEMI-AUTO PISTOL,OBJECT
7369,SEMI-AUTO PISTOL,PERSON
7562,SEMI-AUTO PISTOL,UNKNOWN
7782,SEMI-AUTO PISTOL,UNKNOWN
7817,SEMI-AUTO PISTOL,OBJECT
7868,SEMI-AUTO PISTOL,UNKNOWN
7888,SEMI-AUTO PISTOL,OBJECT
7938,SEMI-AUTO PISTOL,PERSON
7939,SEMI-AUTO PISTOL,PERSON
8006,SEMI-AUTO PISTOL,PERSON
8181,SEMI-AUTO PISTOL,PERSON
8186,REVOLVER,OBJECT
8334,REVOLVER,PERSON
8401,SEMI-AUTO PISTOL,PERSON
8496,SEMI-AUTO PISTOL,BOTH
8588,SEMI-AUTO PISTOL,PERSON
8846,REVOLVER,UNKNOWN
8998,SEMI-AUTO PISTOL,PERSON
9204,REVOLVER,PERSON
9382,SEMI-AUTO PISTOL,PERSON
9385,SEMI-AUTO PISTOL,PERSON
9698,SEMI-AUTO PISTOL,PERSON
10106,SEMI-AUTO PISTOL,PERSON
10188,SEMI-AUTO PISTOL,PERSON
10211,SEMI-AUTO PISTOL,PERSON
10213,SEMI-AUTO PISTOL,PERSON
10214,SEMI-AUTO PISTOL,PERSON
10441,SEMI-AUTO PISTOL,PERSON
10442,SEMI-AUTO PISTOL,PERSON
10492,REVOLVER,PERSON
10541,SEMI-AUTO PISTOL,PERSON
10705,SEMI-AUTO PISTOL,OBJECT
10807,SEMI-AUTO PISTOL,PERSON
10909,SEMI-AUTO PISTOL,UNKNOWN
11016,SEMI-AUTO PISTOL,UNKNOWN
11017,SEMI-AUTO PISTOL,OBJECT
11201,REVOLVER,OBJECT
11281,SEMI-AUTO PISTOL,UNKNOWN
11388,SEMI-AUTO PISTOL,PERSON
11436,SEMI-AUTO PISTOL,OBJECT
11516,SEMI-AUTO PISTOL,PERSON
11616,REVOLVER,PERSON
11707,REVOLVER,PERSON
11730,SEMI-AUTO PISTOL,UNKNOWN
12044,SEMI-AUTO PISTOL,UNKNOWN
12104,SEMI-AUTO PISTOL,PERSON
12163,SEMI-AUTO PISTOL,PERSON
12165,SEMI-AUTO PISTOL,PERSON
12251,SEMI-AUTO PISTOL,OBJECT
12426,SEMI-AUTO PISTOL,PERSON
12529,SEMI-AUTO PISTOL,OBJECT
12530,SEMI-AUTO PISTOL,OBJECT
12646,SEMI-AUTO PISTOL,OBJECT
13112,SEMI-AUTO PISTOL,PERSON
13123,SEMI-AUTO PISTOL,PERSON
13289,REVOLVER,PERSON
13290,SEMI-AUTO PISTOL,PERSON
13387,SEMI-AUTO PISTOL,OBJECT
13567,SEMI-AUTO PISTOL,PERSON
13570,SEMI-AUTO PISTOL,PERSON
13641,REVOLVER,UNKNOWN
13761,SEMI-AUTO PISTOL,OBJECT
14018,SEMI-AUTO PISTOL,OBJECT
14076,SEMI-AUTO PISTOL,PERSON
14204,REVOLVER,UNKNOWN
14236,SEMI-AUTO PISTOL,OBJECT
14495,SEMI-AUTO PISTOL,PERSON
14542,SEMI-AUTO PISTOL,OBJECT
14543,SEMI-AUTO PISTOL,OBJECT
14544,SEMI-AUTO PISTOL,OBJECT
14642,SEMI-AUTO PISTOL,PERSON
14702,SEMI-AUTO PISTOL,PERSON
14800,SEMI-AUTO PISTOL,OBJECT
14916,SEMI-AUTO PISTOL,UNKNOWN
14927,SEMI-AUTO PISTOL,UNKNOWN
15016,SEMI-AUTO PISTOL,PERSON
15091,SEMI-AUTO PISTOL,PERSON
15324,SEMI-AUTO PISTOL,PERSON
15327,SEMI-AUTO PISTOL,PERSON
15339,SEMI-AUTO PISTOL,PERSON
15379,SEMI-AUTO PISTOL,UNKNOWN
15414,SEMI-AUTO PISTOL,PERSON
15420,SEMI-AUTO PISTOL,OBJECT
15473,SEMI-AUTO PISTOL,PERSON
15474,SEMI-AUTO PISTOL,PERSON
15670,SEMI-AUTO PISTOL,PERSON
15731,SEMI-AUTO PISTOL,PERSON
15813,SEMI-AUTO PISTOL,PERSON
15817,SEMI-AUTO PISTOL,PERSON
15818,SEMI-AUTO PISTOL,PERSON
15819,SEMI-AUTO PISTOL,PERSON
15927,SEMI-AUTO PISTOL,PERSON
16238,SEMI-AUTO PISTOL,PERSON
16509,SEMI-AUTO PISTOL,OBJECT
16560,SEMI-AUTO PISTOL,OBJECT
16639,SEMI-AUTO PISTOL,PERSON
16640,SEMI-AUTO PISTOL,PERSON
16776,SEMI-AUTO PISTOL,PERSON
16777,SEMI-AUTO PISTOL,PERSON
17086,SEMI-AUTO PISTOL,OBJECT
17252,SEMI-AUTO PISTOL,OBJECT
17253,SEMI-AUTO PISTOL,OBJECT
17254,SEMI-AUTO PISTOL,OBJECT
17255,SEMI-AUTO PISTOL,OBJECT
17298,SEMI-AUTO PISTOL,UNKNOWN
17354,SEMI-AUTO PISTOL,OBJECT
17623,SEMI-AUTO PISTOL,PERSON
17711,SEMI-AUTO PISTOL,UNKNOWN
17715,SEMI-AUTO PISTOL,OBJECT
18051,SEMI-AUTO PISTOL,OBJECT
18066,SEMI-AUTO PISTOL,PERSON
18080,SEMI-AUTO PISTOL,OBJECT
18372,SEMI-AUTO PISTOL,BOTH
18390,SEMI-AUTO PISTOL,PERSON
18520,SEMI-AUTO PISTOL,UNKNOWN
18553,SEMI-AUTO PISTOL,PERSON
18596,SEMI-AUTO PISTOL,OBJECT
18709,RIFLE,PERSON
18710,REVOLVER,PERSON
18713,SEMI-AUTO PISTOL,PERSON
18714,SHOTGUN,PERSON
18716,SEMI-AUTO PISTOL,PERSON
18717,SEMI-AUTO PISTOL,PERSON
18718,SEMI-AUTO PISTOL,PERSON
18720,SEMI-AUTO PISTOL,PERSON
18720,SHOTGUN,PERSON
18721,SHOTGUN,PERSON
18722,SEMI-AUTO PISTOL,PERSON
18737,SEMI-AUTO PISTOL,OBJECT
18995,SEMI-AUTO PISTOL,UNKNOWN
19053,SEMI-AUTO PISTOL,UNKNOWN
19076,REVOLVER,PERSON
19232,SEMI-AUTO PISTOL,PERSON
19264,SEMI-AUTO PISTOL,PERSON
19379,SEMI-AUTO PISTOL,UNKNOWN
19381,RIFLE,PERSON
19382,RIFLE,PERSON
19397,SEMI-AUTO PISTOL,UNKNOWN
19398,SEMI-AUTO PISTOL,UNKNOWN
19447,SEMI-AUTO PISTOL,UNKNOWN
19448,SEMI-AUTO PISTOL,UNKNOWN
20315,SEMI-AUTO PISTOL,PERSON
20316,SEMI-AUTO PISTOL,PERSON
20863,SEMI-AUTO PISTOL,OBJECT
20946,SEMI-AUTO PISTOL,PERSON
20999,SEMI-AUTO PISTOL,PERSON
21066,SEMI-AUTO PISTOL,UNKNOWN
21131,SEMI-AUTO PISTOL,UNKNOWN
21681,SEMI-AUTO PISTOL,OBJECT
21968,SEMI-AUTO PISTOL,OBJECT
22096,SEMI-AUTO PISTOL,PERSON
22225,SEMI-AUTO PISTOL,UNKNOWN
22363,SEMI-AUTO PISTOL,PERSON
22380,SEMI-AUTO PISTOL,UNKNOWN
22437,SEMI-AUTO PISTOL,UNKNOWN
22438,SEMI-AUTO PISTOL,UNKNOWN
22440,SEMI-AUTO PISTOL,UNKNOWN
22442,SEMI-AUTO PISTOL,UNKNOWN
22467,SEMI-AUTO PISTOL,PERSON
22749,SEMI-AUTO PISTOL,OBJECT
22855,SEMI-AUTO PISTOL,OBJECT
22894,SEMI-AUTO PISTOL,BOTH
22895,SEMI-AUTO PISTOL,BOTH
22899,SEMI-AUTO PISTOL,BOTH
22901,SEMI-AUTO PISTOL,OBJECT
23066,SEMI-AUTO PISTOL,PERSON
23098,SEMI-AUTO PISTOL,PERSON
23099,SEMI-AUTO PISTOL,PERSON
23164,SEMI-AUTO PISTOL,PERSON
23165,SEMI-AUTO PISTOL,PERSON
23349,SEMI-AUTO PISTOL,UNKNOWN
23401,SEMI-AUTO PISTOL,OBJECT
23547,SEMI-AUTO PISTOL,PERSON
23640,SEMI-AUTO PISTOL,PERSON
23642,SEMI-AUTO PISTOL,PERSON
23742,SEMI-AUTO PISTOL,PERSON
23970,SEMI-AUTO PISTOL,PERSON
23983,SEMI-AUTO PISTOL,PERSON
23984,SEMI-AUTO PISTOL,PERSON
23986,SEMI-AUTO PISTOL,PERSON
23988,SEMI-AUTO PISTOL,PERSON
23992,SEMI-AUTO PISTOL,UNKNOWN
24067,SEMI-AUTO PISTOL,UNKNOWN
24105,SEMI-AUTO PISTOL,UNKNOWN
24354,SEMI-AUTO PISTOL,OBJECT
24355,SEMI-AUTO PISTOL,OBJECT
24408,SEMI-AUTO PISTOL,PERSON
24647,SEMI-AUTO PISTOL,UNKNOWN
24708,SEMI-AUTO PISTOL,PERSON
24711,SEMI-AUTO PISTOL,OBJECT
24712,SHOTGUN,OBJECT
24764,SEMI-AUTO PISTOL,OBJECT
25081,SEMI-AUTO PISTOL,UNKNOWN
25084,SEMI-AUTO PISTOL,UNKNOWN
25250,REVOLVER,PERSON
25265,SEMI-AUTO PISTOL,PERSON
25381,SEMI-AUTO PISTOL,UNKNOWN
25396,SEMI-AUTO PISTOL,BOTH
25397,SEMI-AUTO PISTOL,PERSON
25476,SEMI-AUTO PISTOL,UNKNOWN
25493,SEMI-AUTO PISTOL,OBJECT
26140,SHOTGUN,OBJECT
26682,SEMI-AUTO PISTOL,PERSON
26684,SEMI-AUTO PISTOL,UNKNOWN
26687,SEMI-AUTO PISTOL,UNKNOWN
26993,SEMI-AUTO PISTOL,OBJECT
28436,SEMI-AUTO PISTOL,OBJECT
28457,SEMI-AUTO PISTOL,PERSON
28526,SEMI-AUTO PISTOL,PERSON
28561,SEMI-AUTO PISTOL,OBJECT
28575,SEMI-AUTO PISTOL,OBJECT
29172,RIFLE,PERSON
29174,RIFLE,PERSON
29176,RIFLE,PERSON
29860,SEMI-AUTO PISTOL,OBJECT
29882,SEMI-AUTO PISTOL,OBJECT
30193,SEMI-AUTO PISTOL,UNKNOWN
30194,SEMI-AUTO PISTOL,UNKNOWN
30196,SEMI-AUTO PISTOL,UNKNOWN
30269,SEMI-AUTO PISTOL,PERSON
30298,SEMI-AUTO PISTOL,OBJECT
30372,SEMI-AUTO PISTOL,PERSON
30714,SEMI-AUTO PISTOL,OBJECT
30766,SEMI-AUTO PISTOL,PERSON
30767,SEMI-AUTO PISTOL,UNKNOWN
30879,SEMI-AUTO PISTOL,OBJECT
30917,SEMI-AUTO PISTOL,OBJECT
30921,REVOLVER,OBJECT
31183,SEMI-AUTO PISTOL,UNKNOWN
31411,SEMI-AUTO PISTOL,PERSON
31436,SEMI-AUTO PISTOL,OBJECT
31466,SEMI-AUTO PISTOL,OBJECT
31467,SEMI-AUTO PISTOL,OBJECT
31468,SEMI-AUTO PISTOL,UNKNOWN
31469,SEMI-AUTO PISTOL,UNKNOWN
31546,SEMI-AUTO PISTOL,PERSON
32000,SEMI-AUTO PISTOL,OBJECT
32235,SEMI-AUTO PISTOL,OBJECT
32237,SEMI-AUTO PISTOL,UNKNOWN
32240,SEMI-AUTO PISTOL,UNKNOWN
32242,SEMI-AUTO PISTOL,PERSON
32248,SEMI-AUTO PISTOL,PERSON
32249,SEMI-AUTO PISTOL,PERSON
32281,SEMI-AUTO PISTOL,PERSON
32319,SEMI-AUTO PISTOL,UNKNOWN
32322,SEMI-AUTO PISTOL,PERSON
32436,SEMI-AUTO PISTOL,UNKNOWN
32437,SEMI-AUTO PISTOL,UNKNOWN
32438,SEMI-AUTO PISTOL,UNKNOWN
32453,SEMI-AUTO PISTOL,PERSON
32456,SEMI-AUTO PISTOL,PERSON
32458,SEMI-AUTO PISTOL,PERSON
32494,SEMI-AUTO PISTOL,PERSON
32816,SEMI-AUTO PISTOL,PERSON
32882,SEMI-AUTO PISTOL,PERSON
32966,SEMI-AUTO PISTOL,UNKNOWN
33221,SEMI-AUTO PISTOL,PERSON
33462,SEMI-AUTO PISTOL,UNKNOWN
33727,SEMI-AUTO PISTOL,UNKNOWN
33730,SEMI-AUTO PISTOL,PERSON
33732,SEMI-AUTO PISTOL,UNKNOWN
33733,RIFLE,UNKNOWN
33735,SEMI-AUTO PISTOL,UNKNOWN
33737,SEMI-AUTO PISTOL,UNKNOWN
33738,SEMI-AUTO PISTOL,UNKNOWN
33740,RIFLE,BOTH
33742,SEMI-AUTO PISTOL,PERSON
33743,RIFLE,BOTH
33932,SEMI-AUTO PISTOL,UNKNOWN
34051,SEMI-AUTO PISTOL,PERSON
34908,SEMI-AUTO PISTOL,PERSON
34943,SEMI-AUTO PISTOL,OBJECT
35134,SEMI-AUTO PISTOL,UNKNOWN
35152,SEMI-AUTO PISTOL,PERSON
35185,SEMI-AUTO PISTOL,PERSON
35316,SEMI-AUTO PISTOL,OBJECT
35366,SEMI-AUTO PISTOL,OBJECT
35367,SEMI-AUTO PISTOL,OBJECT
35493,SEMI-AUTO PISTOL,UNKNOWN
35664,SEMI-AUTO PISTOL,PERSON
35697,SEMI-AUTO PISTOL,UNKNOWN
35768,REVOLVER,BOTH
35924,SEMI-AUTO PISTOL,PERSON
36241,SEMI-AUTO PISTOL,PERSON
36242,SEMI-AUTO PISTOL,BOTH
36243,SEMI-AUTO PISTOL,BOTH
36248,SEMI-AUTO PISTOL,PERSON
36249,SEMI-AUTO PISTOL,PERSON
36570,REVOLVER,UNKNOWN
36652,SEMI-AUTO PISTOL,PERSON
36657,SEMI-AUTO PISTOL,PERSON
36899,SEMI-AUTO PISTOL,PERSON
37016,SEMI-AUTO PISTOL,PERSON
37155,SEMI-AUTO PISTOL,PERSON
37202,SEMI-AUTO PISTOL,BOTH
37301,SEMI-AUTO PISTOL,UNKNOWN
37418,SEMI-AUTO PISTOL,OBJECT
37468,SEMI-AUTO PISTOL,PERSON
37504,SEMI-AUTO PISTOL,OBJECT
37633,SEMI-AUTO PISTOL,OBJECT
37832,SEMI-AUTO PISTOL,PERSON
37974,SEMI-AUTO PISTOL,OBJECT
38002,SEMI-AUTO PISTOL,UNKNOWN
38172,SEMI-AUTO PISTOL,UNKNOWN
38190,REVOLVER,PERSON
38486,SEMI-AUTO PISTOL,PERSON
38588,SEMI-AUTO PISTOL,OBJECT
38799,SHOTGUN,OBJECT
38953,SEMI-AUTO PISTOL,OBJECT
38982,SEMI-AUTO PISTOL,PERSON
38983,SEMI-AUTO PISTOL,PERSON
38984,SEMI-AUTO PISTOL,PERSON
39092,SEMI-AUTO PISTOL,PERSON
39144,SEMI-AUTO PISTOL,PERSON
39358,SEMI-AUTO PISTOL,OBJECT
39365,SEMI-AUTO PISTOL,OBJECT
39366,SEMI-AUTO PISTOL,OBJECT
39432,SEMI-AUTO PISTOL,OBJECT
39646,SEMI-AUTO PISTOL,OBJECT
39836,SEMI-AUTO PISTOL,OBJECT
40242,SEMI-AUTO PISTOL,OBJECT
40559,SEMI-AUTO PISTOL,PERSON
40579,SEMI-AUTO PISTOL,PERSON
40582,SEMI-AUTO PISTOL,PERSON
40659,SEMI-AUTO PISTOL,PERSON
40737,SEMI-AUTO PISTOL,PERSON
40770,REVOLVER,OBJECT
40847,SEMI-AUTO PISTOL,UNKNOWN
40855,SEMI-AUTO PISTOL,PERSON
40860,REVOLVER,UNKNOWN
40991,SEMI-AUTO PISTOL,OBJECT
41063,SEMI-AUTO PISTOL,PERSON
41205,SEMI-AUTO PISTOL,PERSON
41399,SEMI-AUTO PISTOL,PERSON
41402,SEMI-AUTO PISTOL,UNKNOWN
41489,SEMI-AUTO PISTOL,OBJECT
41593,SEMI-AUTO PISTOL,PERSON
41673,SEMI-AUTO PISTOL,PERSON
41702,SEMI-AUTO PISTOL,BOTH
41816,SEMI-AUTO PISTOL,UNKNOWN
41821,SEMI-AUTO PISTOL,UNKNOWN
42195,SEMI-AUTO PISTOL,PERSON
42341,SEMI-AUTO PISTOL,PERSON
42390,SEMI-AUTO PISTOL,OBJECT
42438,SEMI-AUTO PISTOL,UNKNOWN
42443,SEMI-AUTO PISTOL,OBJECT
42445,SEMI-AUTO PISTOL,OBJECT
42661,SEMI-AUTO PISTOL,PERSON
42680,SEMI-AUTO PISTOL,OBJECT
42681,SEMI-AUTO PISTOL,OBJECT
42683,SEMI-AUTO PISTOL,OBJECT
42712,SEMI-AUTO PISTOL,UNKNOWN
42738,SEMI-AUTO PISTOL,PERSON
42761,SEMI-AUTO PISTOL,PERSON
42763,SEMI-AUTO PISTOL,PERSON
42769,SEMI-AUTO PISTOL,PERSON
42781,SEMI-AUTO PISTOL,OBJECT
43099,SEMI-AUTO PISTOL,OBJECT
43135,SEMI-AUTO PISTOL,BOTH
43221,SEMI-AUTO PISTOL,OBJECT
43438,SEMI-AUTO PISTOL,UNKNOWN
43439,SEMI-AUTO PISTOL,UNKNOWN
43662,SEMI-AUTO PISTOL,UNKNOWN
43754,SEMI-AUTO PISTOL,OBJECT
43757,SEMI-AUTO PISTOL,OBJECT
43805,SEMI-AUTO PISTOL,UNKNOWN
44055,SEMI-AUTO PISTOL,PERSON
44078,SEMI-AUTO PISTOL,PERSON
44079,SEMI-AUTO PISTOL,PERSON
44333,SEMI-AUTO PISTOL,UNKNOWN
44915,RIFLE,PERSON
45067,SEMI-AUTO PISTOL,OBJECT
45069,SEMI-AUTO PISTOL,PERSON
45071,SEMI-AUTO PISTOL,PERSON
45145,SEMI-AUTO PISTOL,PERSON
45147,SEMI-AUTO PISTOL,PERSON
45305,SEMI-AUTO PISTOL,UNKNOWN
45307,SEMI-AUTO PISTOL,UNKNOWN
45367,SEMI-AUTO PISTOL,OBJECT
45415,SEMI-AUTO PISTOL,PERSON
45435,SEMI-AUTO PISTOL,OBJECT
45437,SEMI-AUTO PISTOL,OBJECT
45616,SEMI-AUTO PISTOL,BOTH
45618,SEMI-AUTO PISTOL,PERSON
45827,SEMI-AUTO PISTOL,OBJECT
45974,SEMI-AUTO PISTOL,OBJECT
46113,SEMI-AUTO PISTOL,OBJECT
46242,SEMI-AUTO PISTOL,UNKNOWN
46263,SEMI-AUTO PISTOL,OBJECT
46264,SEMI-AUTO PISTOL,OBJECT
46343,SEMI-AUTO PISTOL,OBJECT
46491,SEMI-AUTO PISTOL,UNKNOWN
46894,SEMI-AUTO PISTOL,OBJECT
46897,SEMI-AUTO PISTOL,OBJECT
46907,SEMI-AUTO PISTOL,BOTH
46908,SEMI-AUTO PISTOL,PERSON
46934,SEMI-AUTO PISTOL,OBJECT
47069,SEMI-AUTO PISTOL,BOTH
47071,SEMI-AUTO PISTOL,BOTH
47073,SEMI-AUTO PISTOL,OBJECT
47074,SEMI-AUTO PISTOL,PERSON
47076,SEMI-AUTO PISTOL,PERSON
47131,SEMI-AUTO PISTOL,OBJECT
47183,SEMI-AUTO PISTOL,OBJECT
47255,SEMI-AUTO PISTOL,UNKNOWN
47415,SEMI-AUTO PISTOL,PERSON
47463,SEMI-AUTO PISTOL,PERSON
47465,SEMI-AUTO PISTOL,PERSON
47496,SEMI-AUTO PISTOL,PERSON
47499,SEMI-AUTO PISTOL,PERSON
47500,SEMI-AUTO PISTOL,PERSON
47508,SEMI-AUTO PISTOL,PERSON
47512,SEMI-AUTO PISTOL,PERSON
47513,SEMI-AUTO PISTOL,PERSON
47522,SEMI-AUTO PISTOL,PERSON
47523,SEMI-AUTO PISTOL,PERSON
47524,SEMI-AUTO PISTOL,PERSON
47525,SEMI-AUTO PISTOL,OBJECT
47530,SEMI-AUTO PISTOL,PERSON
47580,SEMI-AUTO PISTOL,OBJECT
47585,SEMI-AUTO PISTOL,OBJECT
47613,SEMI-AUTO PISTOL,PERSON
47762,SEMI-AUTO PISTOL,PERSON
47765,SEMI-AUTO PISTOL,UNKNOWN
47868,SEMI-AUTO PISTOL,PERSON
48030,SEMI-AUTO PISTOL,UNKNOWN
48048,SEMI-AUTO PISTOL,OBJECT
48068,SEMI-AUTO PISTOL,OBJECT
48070,SEMI-AUTO PISTOL,BOTH
48083,SHOTGUN,OBJECT
48156,SEMI-AUTO PISTOL,PERSON
48230,SEMI-AUTO PISTOL,PERSON
48248,SEMI-AUTO PISTOL,OBJECT
48252,SEMI-AUTO PISTOL,PERSON
48344,RIFLE,OBJECT
48588,SEMI-AUTO PISTOL,OBJECT
48636,SEMI-AUTO PISTOL,PERSON
48679,SEMI-AUTO PISTOL,UNKNOWN
48700,SEMI-AUTO PISTOL,PERSON
48855,SHOTGUN,OBJECT
49546,SEMI-AUTO PISTOL,PERSON
49564,SEMI-AUTO PISTOL,UNKNOWN
49606,SEMI-AUTO PISTOL,BOTH
49612,SEMI-AUTO PISTOL,BOTH
49640,SEMI-AUTO PISTOL,OBJECT
49684,SEMI-AUTO PISTOL,BOTH
49768,SEMI-AUTO PISTOL,PERSON
49832,SEMI-AUTO PISTOL,PERSON
49832,SEMI-AUTO PISTOL,PERSON
49878,SEMI-AUTO PISTOL,PERSON
49890,SEMI-AUTO PISTOL,PERSON
49894,SEMI-AUTO PISTOL,PERSON
49895,SEMI-AUTO PISTOL,PERSON
49896,SEMI-AUTO PISTOL,PERSON
50272,SEMI-AUTO PISTOL,UNKNOWN
50374,SEMI-AUTO PISTOL,OBJECT
50402,SEMI-AUTO PISTOL,UNKNOWN
50516,SEMI-AUTO PISTOL,UNKNOWN
50623,SEMI-AUTO PISTOL,OBJECT
50674,SEMI-AUTO PISTOL,OBJECT
50900,SEMI-AUTO PISTOL,PERSON
51171,SEMI-AUTO PISTOL,PERSON
51317,SEMI-AUTO PISTOL,OBJECT
51361,SEMI-AUTO PISTOL,PERSON
51603,SEMI-AUTO PISTOL,PERSON
51639,SEMI-AUTO PISTOL,PERSON
51976,SEMI-AUTO PISTOL,PERSON
52645,SEMI-AUTO PISTOL,PERSON
52721,SEMI-AUTO PISTOL,UNKNOWN
52725,SEMI-AUTO PISTOL,PERSON
52749,SEMI-AUTO PISTOL,PERSON
52817,SEMI-AUTO PISTOL,UNKNOWN
52962,SEMI-AUTO PISTOL,OBJECT
53064,SEMI-AUTO PISTOL,UNKNOWN
53443,SEMI-AUTO PISTOL,OBJECT
53471,SEMI-AUTO PISTOL,PERSON
53499,SEMI-AUTO PISTOL,PERSON
53501,SEMI-AUTO PISTOL,PERSON
53503,SEMI-AUTO PISTOL,PERSON
53505,SEMI-AUTO PISTOL,PERSON
53513,SEMI-AUTO PISTOL,OBJECT
53515,SEMI-AUTO PISTOL,UNKNOWN
53823,SEMI-AUTO PISTOL,UNKNOWN
53832,SEMI-AUTO PISTOL,BOTH
53849,SEMI-AUTO PISTOL,UNKNOWN
53850,SEMI-AUTO PISTOL,UNKNOWN
53964,SEMI-AUTO PISTOL,PERSON
54041,SEMI-AUTO PISTOL,PERSON
54042,SEMI-AUTO PISTOL,UNKNOWN
54043,SEMI-AUTO PISTOL,PERSON
54044,SEMI-AUTO PISTOL,PERSON
54045,SEMI-AUTO PISTOL,UNKNOWN
54047,SEMI-AUTO PISTOL,UNKNOWN
54048,SEMI-AUTO PISTOL,UNKNOWN
54127,SHOTGUN,OBJECT
54398,REVOLVER,OBJECT
54399,REVOLVER,OBJECT
54441,SEMI-AUTO PISTOL,OBJECT
54443,SEMI-AUTO PISTOL,OBJECT
54594,SEMI-AUTO PISTOL,OBJECT
54649,SEMI-AUTO PISTOL,UNKNOWN
54789,SEMI-AUTO PISTOL,PERSON
54790,SEMI-AUTO PISTOL,PERSON
55137,SEMI-AUTO PISTOL,UNKNOWN
55361,SEMI-AUTO PISTOL,PERSON
55376,SEMI-AUTO PISTOL,UNKNOWN
55468,SEMI-AUTO PISTOL,OBJECT
55469,SEMI-AUTO PISTOL,OBJECT
55471,SEMI-AUTO PISTOL,OBJECT
55613,SEMI-AUTO PISTOL,UNKNOWN
56019,SEMI-AUTO PISTOL,BOTH
56347,SEMI-AUTO PISTOL,OBJECT
56399,SEMI-AUTO PISTOL,UNKNOWN
56402,SEMI-AUTO PISTOL,PERSON
56574,SEMI-AUTO PISTOL,PERSON
56575,SEMI-AUTO PISTOL,PERSON
56577,SEMI-AUTO PISTOL,OBJECT
56593,SEMI-AUTO PISTOL,PERSON
56835,SEMI-AUTO PISTOL,PERSON
57263,SEMI-AUTO PISTOL,OBJECT
57395,SEMI-AUTO PISTOL,PERSON
57469,SEMI-AUTO PISTOL,PERSON
57529,SEMI-AUTO PISTOL,BOTH
57530,SEMI-AUTO PISTOL,BOTH
57561,SEMI-AUTO PISTOL,UNKNOWN
57669,SEMI-AUTO PISTOL,UNKNOWN
58050,SEMI-AUTO PISTOL,PERSON
58135,SEMI-AUTO PISTOL,PERSON
58532,SEMI-AUTO PISTOL,BOTH
58535,REVOLVER,BOTH
58577,SEMI-AUTO PISTOL,PERSON
58625,SEMI-AUTO PISTOL,UNKNOWN
58626,SEMI-AUTO PISTOL,PERSON
58629,SEMI-AUTO PISTOL,UNKNOWN
58875,SEMI-AUTO PISTOL,OBJECT
58952,SEMI-AUTO PISTOL,PERSON
58955,SEMI-AUTO PISTOL,PERSON
59125,SEMI-AUTO PISTOL,OBJECT
59239,SEMI-AUTO PISTOL,PERSON
59241,SEMI-AUTO PISTOL,PERSON
59315,SEMI-AUTO PISTOL,UNKNOWN
59351,SEMI-AUTO PISTOL,OBJECT
59389,SEMI-AUTO PISTOL,PERSON
59395,SEMI-AUTO PISTOL,PERSON
59441,SEMI-AUTO PISTOL,PERSON
59459,SEMI-AUTO PISTOL,OBJECT
59503,REVOLVER,OBJECT
59749,SEMI-AUTO PISTOL,PERSON
59831,SEMI-AUTO PISTOL,PERSON
60013,SEMI-AUTO PISTOL,OBJECT
60019,SEMI-AUTO PISTOL,BOTH
60020,SEMI-AUTO PISTOL,BOTH
60021,SEMI-AUTO PISTOL,BOTH
60022,SEMI-AUTO PISTOL,PERSON
60026,SEMI-AUTO PISTOL,BOTH
60233,SEMI-AUTO PISTOL,PERSON
60409,SEMI-AUTO PISTOL,UNKNOWN
60692,SEMI-AUTO PISTOL,PERSON
60693,SEMI-AUTO PISTOL,PERSON
60828,SEMI-AUTO PISTOL,PERSON
60831,SEMI-AUTO PISTOL,PERSON
60905,SEMI-AUTO PISTOL,UNKNOWN
61078,SEMI-AUTO PISTOL,BOTH
61171,SEMI-AUTO PISTOL,BOTH
61173,SEMI-AUTO PISTOL,BOTH
61393,SEMI-AUTO PISTOL,PERSON
61395,SEMI-AUTO PISTOL,PERSON
61451,SEMI-AUTO PISTOL,PERSON
61515,SEMI-AUTO PISTOL,PERSON
61670,SEMI-AUTO PISTOL,OBJECT
61735,SEMI-AUTO PISTOL,PERSON
61767,SEMI-AUTO PISTOL,PERSON
61770,SEMI-AUTO PISTOL,PERSON
61860,SEMI-AUTO PISTOL,UNKNOWN
61925,SEMI-AUTO PISTOL,PERSON
61929,SEMI-AUTO PISTOL,PERSON
62013,SEMI-AUTO PISTOL,UNKNOWN
62059,SEMI-AUTO PISTOL,OBJECT
62256,SEMI-AUTO PISTOL,UNKNOWN
62694,SEMI-AUTO PISTOL,PERSON
62846,SEMI-AUTO PISTOL,PERSON
62865,SEMI-AUTO PISTOL,PERSON
62902,SEMI-AUTO PISTOL,PERSON
62941,SEMI-AUTO PISTOL,PERSON
62946,SEMI-AUTO PISTOL,PERSON
63127,SEMI-AUTO PISTOL,UNKNOWN
63182,SEMI-AUTO PISTOL,PERSON
63223,SEMI-AUTO PISTOL,PERSON
63279,SEMI-AUTO PISTOL,OBJECT
63313,SEMI-AUTO PISTOL,UNKNOWN
63446,REVOLVER,PERSON
64087,SEMI-AUTO PISTOL,PERSON
64199,SEMI-AUTO PISTOL,PERSON
64341,SEMI-AUTO PISTOL,PERSON
64417,SEMI-AUTO PISTOL,UNKNOWN
64588,SEMI-AUTO PISTOL,OBJECT
64859,SEMI-AUTO PISTOL,PERSON
64907,SEMI-AUTO PISTOL,PERSON
64909,SEMI-AUTO PISTOL,UNKNOWN
65031,SEMI-AUTO PISTOL,PERSON
65590,SEMI-AUTO PISTOL,OBJECT
65593,SEMI-AUTO PISTOL,UNKNOWN
65594,SEMI-AUTO PISTOL,UNKNOWN
65595,SEMI-AUTO PISTOL,OBJECT
65596,SEMI-AUTO PISTOL,OBJECT
65598,SEMI-AUTO PISTOL,OBJECT
65599,SEMI-AUTO PISTOL,OBJECT
65998,SEMI-AUTO PISTOL,UNKNOWN
66433,SEMI-AUTO PISTOL,OBJECT
66623,SEMI-AUTO PISTOL,UNKNOWN
66625,SEMI-AUTO PISTOL,PERSON
66633,SEMI-AUTO PISTOL,UNKNOWN
66687,SEMI-AUTO PISTOL,PERSON
66742,SEMI-AUTO PISTOL,BOTH
66795,SEMI-AUTO PISTOL,UNKNOWN
66923,SEMI-AUTO PISTOL,UNKNOWN
67013,SEMI-AUTO PISTOL,OBJECT
67131,SEMI-AUTO PISTOL,BOTH
67133,SEMI-AUTO PISTOL,UNKNOWN
67135,SEMI-AUTO PISTOL,PERSON
67139,SEMI-AUTO PISTOL,BOTH
67233,SEMI-AUTO PISTOL,OBJECT
67450,SEMI-AUTO PISTOL,OBJECT
67458,SEMI-AUTO PISTOL,PERSON
67459,SEMI-AUTO PISTOL,PERSON
67460,SEMI-AUTO PISTOL,PERSON
67542,SEMI-AUTO PISTOL,PERSON
67579,SEMI-AUTO PISTOL,OBJECT
67662,SEMI-AUTO PISTOL,PERSON
67986,SEMI-AUTO PISTOL,OBJECT
68247,SEMI-AUTO PISTOL,PERSON
68423,SEMI-AUTO PISTOL,PERSON
68609,SEMI-AUTO PISTOL,PERSON
68610,SEMI-AUTO PISTOL,OBJECT
68714,SEMI-AUTO PISTOL,UNKNOWN
68853,SEMI-AUTO PISTOL,PERSON
68854,SEMI-AUTO PISTOL,PERSON
68857,SEMI-AUTO PISTOL,BOTH
68859,SEMI-AUTO PISTOL,PERSON
68988,SEMI-AUTO PISTOL,PERSON
69031,SEMI-AUTO PISTOL,BOTH
69141,SEMI-AUTO PISTOL,PERSON
69757,SEMI-AUTO PISTOL,UNKNOWN
69760,SEMI-AUTO PISTOL,UNKNOWN
69762,SEMI-AUTO PISTOL,UNKNOWN
69765,SEMI-AUTO PISTOL,BOTH
69766,SEMI-AUTO PISTOL,BOTH
69767,SEMI-AUTO PISTOL,BOTH
69768,SEMI-AUTO PISTOL,BOTH
69769,SEMI-AUTO PISTOL,UNKNOWN
69817,SEMI-AUTO PISTOL,UNKNOWN
69867,SEMI-AUTO PISTOL,OBJECT
70020,SEMI-AUTO PISTOL,OBJECT
70164,SEMI-AUTO PISTOL,PERSON
70490,SEMI-AUTO PISTOL,UNKNOWN
70492,SEMI-AUTO PISTOL,OBJECT
70680,SEMI-AUTO PISTOL,UNKNOWN
70810,SEMI-AUTO PISTOL,UNKNOWN
71001,SEMI-AUTO PISTOL,OBJECT
71146,SEMI-AUTO PISTOL,OBJECT
71339,SEMI-AUTO PISTOL,UNKNOWN
71477,SEMI-AUTO PISTOL,PERSON
71537,SEMI-AUTO PISTOL,UNKNOWN
72198,SEMI-AUTO PISTOL,OBJECT
72236,SEMI-AUTO PISTOL,PERSON
72415,SEMI-AUTO PISTOL,UNKNOWN
72431,SEMI-AUTO PISTOL,PERSON
72551,SEMI-AUTO PISTOL,PERSON
72637,SEMI-AUTO PISTOL,UNKNOWN
72683,SEMI-AUTO PISTOL,PERSON
72776,SEMI-AUTO PISTOL,PERSON
72780,SEMI-AUTO PISTOL,OBJECT
72809,SEMI-AUTO PISTOL,PERSON
72811,SEMI-AUTO PISTOL,UNKNOWN
72813,SEMI-AUTO PISTOL,UNKNOWN
72814,SEMI-AUTO PISTOL,PERSON
72851,SEMI-AUTO PISTOL,PERSON
72853,SEMI-AUTO PISTOL,UNKNOWN
72854,SEMI-AUTO PISTOL,UNKNOWN
72894,SEMI-AUTO PISTOL,UNKNOWN
72921,SEMI-AUTO PISTOL,BOTH
72921,SEMI-AUTO PISTOL,BOTH
72922,SEMI-AUTO PISTOL,BOTH
72924,SEMI-AUTO PISTOL,PERSON
72941,SEMI-AUTO PISTOL,UNKNOWN
72942,SEMI-AUTO PISTOL,OBJECT
73031,SEMI-AUTO PISTOL,UNKNOWN
73033,SEMI-AUTO PISTOL,UNKNOWN
73034,SEMI-AUTO PISTOL,PERSON
73245,SEMI-AUTO PISTOL,UNKNOWN
73246,SEMI-AUTO PISTOL,UNKNOWN
73435,SEMI-AUTO PISTOL,UNKNOWN
73527,SEMI-AUTO PISTOL,PERSON
73691,SEMI-AUTO PISTOL,UNKNOWN
73693,SEMI-AUTO PISTOL,UNKNOWN
73765,SEMI-AUTO PISTOL,PERSON
73802,SEMI-AUTO PISTOL,OBJECT
73803,SEMI-AUTO PISTOL,OBJECT
73923,SEMI-AUTO PISTOL,PERSON
74074,SEMI-AUTO PISTOL,UNKNOWN
74075,SEMI-AUTO PISTOL,PERSON
74078,SEMI-AUTO PISTOL,PERSON
74079,SEMI-AUTO PISTOL,PERSON
74080,SEMI-AUTO PISTOL,UNKNOWN
74082,SEMI-AUTO PISTOL,PERSON
74156,SEMI-AUTO PISTOL,OBJECT
74219,SEMI-AUTO PISTOL,PERSON
74295,SEMI-AUTO PISTOL,OBJECT
74296,SEMI-AUTO PISTOL,OBJECT
74342,SEMI-AUTO PISTOL,BOTH
74508,SEMI-AUTO PISTOL,UNKNOWN
74531,SEMI-AUTO PISTOL,UNKNOWN
74538,SEMI-AUTO PISTOL,OBJECT
74624,SEMI-AUTO PISTOL,PERSON
74674,SEMI-AUTO PISTOL,PERSON
74778,REVOLVER,OBJECT
74804,SEMI-AUTO PISTOL,UNKNOWN
74808,SEMI-AUTO PISTOL,UNKNOWN
74813,SEMI-AUTO PISTOL,PERSON
74846,SEMI-AUTO PISTOL,OBJECT
74948,SEMI-AUTO PISTOL,UNKNOWN
74977,SEMI-AUTO PISTOL,PERSON
75080,SEMI-AUTO PISTOL,UNKNOWN
75205,SEMI-AUTO PISTOL,OBJECT
75643,SEMI-AUTO PISTOL,UNKNOWN
75674,SEMI-AUTO PISTOL,PERSON
75691,REVOLVER,PERSON
75731,SEMI-AUTO PISTOL,PERSON
76102,SEMI-AUTO PISTOL,PERSON
76144,SEMI-AUTO PISTOL,PERSON
76148,SEMI-AUTO PISTOL,PERSON
76226,SEMI-AUTO PISTOL,PERSON
76393,SEMI-AUTO PISTOL,OBJECT
76394,SEMI-AUTO PISTOL,UNKNOWN
76462,SEMI-AUTO PISTOL,OBJECT
76463,SEMI-AUTO PISTOL,OBJECT
76731,SEMI-AUTO PISTOL,PERSON
76794,SEMI-AUTO PISTOL,OBJECT
76809,SEMI-AUTO PISTOL,PERSON
77006,SEMI-AUTO PISTOL,PERSON
77027,SEMI-AUTO PISTOL,BOTH
77089,SEMI-AUTO PISTOL,PERSON
77091,SEMI-AUTO PISTOL,PERSON
77125,SEMI-AUTO PISTOL,OBJECT
77311,RIFLE,UNKNOWN
77384,SEMI-AUTO PISTOL,PERSON
77542,SEMI-AUTO PISTOL,UNKNOWN
77972,SEMI-AUTO PISTOL,UNKNOWN
77973,SEMI-AUTO PISTOL,OBJECT
78077,SEMI-AUTO PISTOL,PERSON
78143,SEMI-AUTO PISTOL,UNKNOWN
78333,SEMI-AUTO PISTOL,UNKNOWN
78334,SEMI-AUTO PISTOL,PERSON
78440,SEMI-AUTO PISTOL,OBJECT
78553,SEMI-AUTO PISTOL,UNKNOWN
78652,SEMI-AUTO PISTOL,PERSON
78653,SEMI-AUTO PISTOL,PERSON
78654,SEMI-AUTO PISTOL,PERSON
78656,SEMI-AUTO PISTOL,UNKNOWN
78657,SEMI-AUTO PISTOL,PERSON
78658,SEMI-AUTO PISTOL,PERSON
78975,SEMI-AUTO PISTOL,PERSON
79340,REVOLVER,UNKNOWN
79637,SEMI-AUTO PISTOL,UNKNOWN
79638,SEMI-AUTO PISTOL,UNKNOWN
79639,SEMI-AUTO PISTOL,UNKNOWN
79640,SEMI-AUTO PISTOL,OBJECT
79659,REVOLVER,PERSON
79775,SEMI-AUTO PISTOL,UNKNOWN
79777,SEMI-AUTO PISTOL,UNKNOWN
79779,SEMI-AUTO PISTOL,PERSON
79780,REVOLVER,PERSON
79849,RIFLE,OBJECT
79943,SEMI-AUTO PISTOL,OBJECT
80041,SEMI-AUTO PISTOL,BOTH
80079,SEMI-AUTO PISTOL,BOTH
80160,SEMI-AUTO PISTOL,PERSON
80161,SEMI-AUTO PISTOL,PERSON
80185,SEMI-AUTO PISTOL,UNKNOWN
80225,SEMI-AUTO PISTOL,BOTH
80513,SEMI-AUTO PISTOL,PERSON
80596,SEMI-AUTO PISTOL,PERSON
80597,SEMI-AUTO PISTOL,PERSON
80598,SEMI-AUTO PISTOL,PERSON
80633,SEMI-AUTO PISTOL,PERSON
81015,SEMI-AUTO PISTOL,UNKNOWN
81064,SEMI-AUTO PISTOL,OBJECT
81386,SEMI-AUTO PISTOL,OBJECT
81644,SEMI-AUTO PISTOL,PERSON
81890,SEMI-AUTO PISTOL,OBJECT
82066,SEMI-AUTO PISTOL,PERSON
82333,SEMI-AUTO PISTOL,PERSON
82397,SEMI-AUTO PISTOL,BOTH
82748,SEMI-AUTO PISTOL,UNKNOWN
82749,SEMI-AUTO PISTOL,UNKNOWN
82763,SEMI-AUTO PISTOL,PERSON
82847,SEMI-AUTO PISTOL,PERSON
82849,SEMI-AUTO PISTOL,UNKNOWN
82938,SEMI-AUTO PISTOL,BOTH
82955,SEMI-AUTO PISTOL,PERSON
83085,SEMI-AUTO PISTOL,OBJECT
83124,SEMI-AUTO PISTOL,PERSON
83125,SEMI-AUTO PISTOL,PERSON
83438,SEMI-AUTO PISTOL,OBJECT
83487,SEMI-AUTO PISTOL,PERSON
83807,SEMI-AUTO PISTOL,PERSON
83881,SEMI-AUTO PISTOL,UNKNOWN
83999,SEMI-AUTO PISTOL,UNKNOWN
84101,SEMI-AUTO PISTOL,PERSON
84287,SEMI-AUTO PISTOL,OBJECT
84305,SEMI-AUTO PISTOL,UNKNOWN
84359,SEMI-AUTO PISTOL,OBJECT
84392,SEMI-AUTO PISTOL,BOTH
84394,SEMI-AUTO PISTOL,BOTH
84398,SEMI-AUTO PISTOL,BOTH
84399,SEMI-AUTO PISTOL,BOTH
84491,SEMI-AUTO PISTOL,PERSON
84494,SEMI-AUTO PISTOL,OBJECT
84710,SEMI-AUTO PISTOL,OBJECT
84711,SEMI-AUTO PISTOL,OBJECT
84843,SEMI-AUTO PISTOL,PERSON
84920,SEMI-AUTO PISTOL,PERSON
85060,SEMI-AUTO PISTOL,PERSON
85065,SEMI-AUTO PISTOL,UNKNOWN
85066,SEMI-AUTO PISTOL,UNKNOWN
85067,SEMI-AUTO PISTOL,UNKNOWN
85144,SEMI-AUTO PISTOL,PERSON
85147,SEMI-AUTO PISTOL,PERSON
85236,SEMI-AUTO PISTOL,OBJECT
85439,SEMI-AUTO PISTOL,OBJECT
85449,SEMI-AUTO PISTOL,PERSON
85639,SEMI-AUTO PISTOL,PERSON
85673,SEMI-AUTO PISTOL,OBJECT
85756,SEMI-AUTO PISTOL,UNKNOWN
85854,SEMI-AUTO PISTOL,OBJECT
85904,SEMI-AUTO PISTOL,PERSON
86145,SEMI-AUTO PISTOL,PERSON
86147,SEMI-AUTO PISTOL,PERSON
86168,SEMI-AUTO PISTOL,OBJECT
86169,SHOTGUN,OBJECT
86233,SEMI-AUTO PISTOL,PERSON
86436,SEMI-AUTO PISTOL,OBJECT
86603,SEMI-AUTO PISTOL,UNKNOWN
86611,SEMI-AUTO PISTOL,BOTH
86613,SEMI-AUTO PISTOL,BOTH
87015,SEMI-AUTO PISTOL,UNKNOWN
87016,SEMI-AUTO PISTOL,OBJECT
87017,SEMI-AUTO PISTOL,OBJECT
87089,SEMI-AUTO PISTOL,PERSON
87170,SEMI-AUTO PISTOL,UNKNOWN
87327,SEMI-AUTO PISTOL,PERSON
87536,SEMI-AUTO PISTOL,PERSON
87763,SEMI-AUTO PISTOL,UNKNOWN
87818,SEMI-AUTO PISTOL,OBJECT
88011,SEMI-AUTO PISTOL,OBJECT
88064,SEMI-AUTO PISTOL,PERSON
88077,SEMI-AUTO PISTOL,PERSON
88098,SEMI-AUTO PISTOL,OBJECT
88099,SEMI-AUTO PISTOL,UNKNOWN
88322,SEMI-AUTO PISTOL,UNKNOWN
88323,SEMI-AUTO PISTOL,UNKNOWN
88339,SEMI-AUTO PISTOL,PERSON
88585,SEMI-AUTO PISTOL,OBJECT
88650,SEMI-AUTO PISTOL,PERSON
88974,SEMI-AUTO PISTOL,PERSON
88975,SEMI-AUTO PISTOL,PERSON
89078,SEMI-AUTO PISTOL,PERSON
89079,SEMI-AUTO PISTOL,PERSON
89746,SEMI-AUTO PISTOL,OBJECT
89940,SEMI-AUTO PISTOL,PERSON
89942,SEMI-AUTO PISTOL,PERSON
90207,SEMI-AUTO PISTOL,PERSON
90231,SEMI-AUTO PISTOL,OBJECT
90241,SEMI-AUTO PISTOL,OBJECT
90421,RIFLE,OBJECT
90427,SEMI-AUTO PISTOL,PERSON
90566,SEMI-AUTO PISTOL,OBJECT
90729,SEMI-AUTO PISTOL,UNKNOWN
90730,SEMI-AUTO PISTOL,OBJECT
91113,SEMI-AUTO PISTOL,UNKNOWN
91433,SEMI-AUTO PISTOL,PERSON
91868,SEMI-AUTO PISTOL,PERSON
91877,SEMI-AUTO PISTOL,PERSON
92093,SEMI-AUTO PISTOL,PERSON
92124,SEMI-AUTO PISTOL,PERSON
92179,SEMI-AUTO PISTOL,PERSON
92180,SEMI-AUTO PISTOL,PERSON
92278,SEMI-AUTO PISTOL,UNKNOWN
92306,SEMI-AUTO PISTOL,PERSON
92358,RIFLE,UNKNOWN
92359,RIFLE,BOTH
92361,RIFLE,PERSON
92513,SEMI-AUTO PISTOL,UNKNOWN
92691,SEMI-AUTO PISTOL,BOTH
92909,SEMI-AUTO PISTOL,BOTH
92911,SEMI-AUTO PISTOL,BOTH
92912,SEMI-AUTO PISTOL,BOTH
92915,SEMI-AUTO PISTOL,BOTH
93025,SEMI-AUTO PISTOL,OBJECT
93143,SEMI-AUTO PISTOL,OBJECT
93218,SEMI-AUTO PISTOL,PERSON
93225,SEMI-AUTO PISTOL,OBJECT
93240,SEMI-AUTO PISTOL,OBJECT
93461,SEMI-AUTO PISTOL,PERSON
93527,SEMI-AUTO PISTOL,OBJECT
93570,SEMI-AUTO PISTOL,UNKNOWN
93600,SEMI-AUTO PISTOL,UNKNOWN
93629,RIFLE,BOTH
93630,SEMI-AUTO PISTOL,BOTH
93643,SEMI-AUTO PISTOL,OBJECT
93644,SEMI-AUTO PISTOL,UNKNOWN
93684,SEMI-AUTO PISTOL,OBJECT
94042,SEMI-AUTO PISTOL,UNKNOWN
94043,SEMI-AUTO PISTOL,OBJECT
94478,SEMI-AUTO PISTOL,UNKNOWN
94882,SEMI-AUTO PISTOL,PERSON
94954,SEMI-AUTO PISTOL,OBJECT
94956,SEMI-AUTO PISTOL,PERSON
94965,SEMI-AUTO PISTOL,PERSON
94993,SEMI-AUTO PISTOL,UNKNOWN
95111,SEMI-AUTO PISTOL,OBJECT
95375,SEMI-AUTO PISTOL,PERSON
95376,SEMI-AUTO PISTOL,PERSON
95417,SEMI-AUTO PISTOL,UNKNOWN
95987,SEMI-AUTO PISTOL,PERSON
95988,SEMI-AUTO PISTOL,PERSON
96065,SEMI-AUTO PISTOL,PERSON
96078,SEMI-AUTO PISTOL,BOTH
